{"ratio_of_correct_constructive_words": 0.24980350618648486, "ratio_of_not_wrong_contradictory_words": 0.8784248257652512, "ratio_of_correct_significantly_constructive_words": 0.5929584599797365, "ratio_of_not_wrong_significantly_contradictory_words": 0.9361702127659575}