{"ratio_of_correct_constructive_words": 0.5921985815602838, "ratio_of_not_wrong_contradictory_words": 0.6106382978723404, "ratio_of_correct_significantly_constructive_words": 0.6375886524822695, "ratio_of_not_wrong_significantly_contradictory_words": 0.9787234042553191}