{"ratio_of_constructive_comprehensiveness": 0.5133333333333333, "ratio_of_significant_constructive_comprehensiveness": 0.09333333333333332}