{"ratio_of_constructive_comprehensiveness": 0.6595744680851063, "ratio_of_significant_constructive_comprehensiveness": 0.33333333333333337}