{"ratio_of_constructive_comprehensiveness": 0.5602836879432624, "ratio_of_significant_constructive_comprehensiveness": 0.07446808510638299}